content,summary
坤卦如何体现"厚德载物"的哲学思想？,坤卦象征大地，以柔顺包容承载万物，体现"厚德载物"的哲学思想，强调谦逊、包容与滋养万物的德行。
屯卦"云雷屯"的卦象对创业初期有何启示？,"云雷屯"象征创业初期的艰难与潜力，启示创业者需坚定信念、积蓄力量，在挑战中寻找机遇。
蒙卦"山下出泉"的教育智慧如何应用于现代教学？,"山下出泉"象征启蒙，强调教育需因材施教、循序渐进，注重启发学生的潜能与兴趣。
需卦"云上于天"的等待哲学在投资决策中如何运用？,"云上于天"象征等待时机，提醒投资者耐心观察市场趋势，避免盲目行动，待条件成熟再决策。
讼卦"天水违行"如何指导现代法律纠纷调解？,"天水违行"象征矛盾对立，强调调解需公正中立，寻求双方利益的平衡点，避免冲突升级。
师卦"地中有水"的军事思想对团队管理有何借鉴？,"地中有水"象征隐藏的力量，启示团队管理需纪律严明、策略灵活，同时注重成员潜能的挖掘。
比卦"地上有水"的亲附原则在商务合作中如何实践？,"地上有水"象征亲密依附，强调商务合作需以诚信为基础，建立互惠互利、长期稳定的关系。
小畜卦"风行天上"的积蓄之道对个人理财的启示,"风行天上"象征小规模积累，提醒个人理财需量入为出，逐步积累财富，避免过度消费。
履卦"上天下泽"的礼仪规范如何影响现代职场交往？,"上天下泽"象征尊卑有序，强调职场交往需遵循礼仪规范，尊重层级关系，维护和谐氛围。
泰卦"天地交"的畅通原理在组织沟通中的运用,"天地交"象征上下通达，启示组织沟通需开放透明，促进信息流动，消除隔阂以提升效率。
否卦"天地不交"的闭塞现象对应哪些社会问题？,"天地不交"象征沟通阻滞，对应社会中的阶层固化、信息不对称等问题，需打破壁垒以促进发展。
同人卦"天火同人"的协作理念对项目管理的影响,"天火同人"象征团结协作，强调项目管理需目标一致、分工明确，发挥团队合力以实现成功。
大有卦"火在天上"的丰收智慧与可持续发展关联,"火在天上"象征丰盛收获，启示可持续发展需兼顾短期利益与长期生态平衡，实现真正繁荣。
谦卦"地山谦"的谦逊美德在领导力中的核心价值,"地山谦"象征谦逊低调，强调领导者需虚怀若谷、尊重他人，以德服人而非以权压人。
豫卦"雷出地奋"的愉悦之道对心理调节的作用,"雷出地奋"象征愉悦振奋，提醒心理调节需保持积极心态，通过适当放松与激励缓解压力。
随卦"泽中有雷"的跟随原则在品牌营销中的应用,"泽中有雷"象征顺势而为，强调品牌营销需洞察市场趋势，灵活调整策略以赢得消费者认同。
蛊卦"山下有风"的革新精神与企业转型的关系,"山下有风"象征除旧布新，启示企业转型需勇于突破传统，通过创新应对市场变化。
临卦"泽上有地"的督导智慧在家庭教育中的体现,"泽上有地"象征亲近督导，强调家庭教育需以身作则、恩威并施，引导子女健康成长。
观卦"风行地上"的观察方法对市场调研的启发,"风行地上"象征广泛观察，启示市场调研需深入实际，全面收集数据以做出精准判断。
噬嗑卦"雷电合"的惩戒机制与现代管理制度的比较,"雷电合"象征严厉惩戒，提醒现代管理制度需公平合理，奖惩分明以维护秩序与效率。
贲卦"山下有火"的修饰之道对产品设计的启示,"山下有火"象征文饰美化，强调产品设计需兼顾功能与美观，提升用户体验与品牌价值。
剥卦"山附于地"的衰落现象对应哪些经济周期？,"山附于地"象征衰退剥离，对应经济周期中的萧条阶段，需调整策略以应对下行压力。
复卦"雷在地中"的复兴规律对行业复苏的预测,"雷在地中"象征复苏萌芽，启示行业复苏需抓住机遇，逐步恢复活力与信心。
无妄卦"天下雷行"的坦诚原则在公关危机中的应用,"天下雷行"象征真诚无妄，强调公关危机中需坦诚面对问题，快速反应以重建信任。
大畜卦"天在山中"的蓄养智慧与人才储备策略,"天在山中"象征深厚积蓄，启示人才储备需长期规划，注重培养与保留核心人才。
颐卦"山下有雷"的养生之道对健康管理的指导,"山下有雷"象征动静结合，提醒健康管理需平衡工作与休息，注重身心调养。
大过卦"泽灭木"的非常之举对应哪些历史变革？,"泽灭木"象征非常行动，对应历史中打破常规的变革，需权衡风险与收益以推动进步。
坎卦"水洊至"的危险应对与风险管理体系构建,"水洊至"象征危机重重，强调风险管理需未雨绸缪，建立预警与应对机制以化解危机。
离卦"明两作"的依附之道对产业链整合的启示,"明两作"象征光明依附，启示产业链整合需优势互补，形成协同效应以提升竞争力。
咸卦"山上有泽"的感应原理在人际沟通中的体现,"山上有泽"象征情感交融，强调人际沟通需真诚共鸣，通过换位思考建立深厚关系。